Date,GDP Growth (%),PCE Inflation (%),3-Month Treasury Bill (%),Expected Inflation (%),CRB Index Change (%)
1960-04-01,-2.159246583842716,2.0,2.46,,0.0
1960-07-01,1.9549399294528373,2.0,2.48,,0.0
1960-10-01,-5.165737529728343,1.6,2.25,,0.0
1961-01-01,2.690999685352674,-0.0,2.39,,0.0
1961-04-01,6.7344089130904745,-0.0,2.33,,0.0
1961-07-01,7.6086379508619615,1.6,2.28,,0.0
1961-10-01,7.770707414716418,0.0,2.6,,0.0
1962-01-01,7.071770337623433,2.4,2.72,,0.0
1962-04-01,3.6027440368650834,1.2,2.73,,0.0
1962-07-01,4.888275567318188,2.0,2.78,,0.0
1962-10-01,1.3154421293732736,-0.0,2.87,,0.0
1963-01-01,4.344680729184973,0.8,2.89,,0.0
1963-04-01,4.464648015941417,1.6,2.99,,0.0
1963-07-01,8.700021311094178,1.2,3.38,,0.0
1963-10-01,2.6150522016033513,1.6,3.52,,0.0
1964-01-01,8.347151669721876,1.6,3.54,,0.0
1964-04-01,4.332722948976572,0.8,3.48,,0.0
1964-07-01,6.202074999144081,1.6,3.53,,-1.68
1964-10-01,1.234856295810114,1.2,3.84,,0.0
1965-01-01,9.564369183250651,0.8,3.93,,0.0
1965-04-01,5.022222548175492,2.81,3.8,,0.0
1965-07-01,8.79523406872313,0.4,3.92,,0.0
1965-10-01,9.111050461485899,2.4,4.38,,0.0
1966-01-01,9.618758001084474,2.81,4.59,,0.0
1966-04-01,1.3635551173265137,2.4,4.5,,0.0
1966-07-01,3.373068235303024,3.61,5.37,,0.57
1966-10-01,3.2682256540742394,2.4,4.96,,1.14
1967-01-01,3.5275727199936227,0.8,4.26,,0.67
1967-04-01,0.24533062826489369,2.81,3.54,,0.33
1967-07-01,3.7665150191049768,3.61,4.42,,1.56
1967-10-01,3.0041041906680563,3.21,4.97,,0.77
1968-01-01,8.075025352778917,4.82,5.17,,0.0
1968-04-01,6.626302827451067,4.01,5.52,,0.0
1968-07-01,3.086138255497421,4.01,5.19,,0.0
1968-10-01,1.5680190216973862,3.61,5.96,,0.0
1969-01-01,6.209278408137617,4.82,6.02,,1.95
1969-04-01,1.211579026054884,5.22,6.44,,7.03
1969-07-01,2.63113681405971,4.42,7.09,,0.0
1969-10-01,-1.9576187351301182,4.82,7.82,,0.0
1970-01-01,-0.596010670154269,4.01,6.63,,0.0
1970-04-01,0.5664723569895536,4.42,6.68,,0.0
1970-07-01,3.6689911039523087,4.42,6.12,,-1.19
1970-10-01,-4.309423464639274,5.22,4.87,,2.52
1971-01-01,10.719666073861763,3.21,3.38,,4.91
1971-04-01,2.157438104856969,4.82,4.75,,0.0
1971-07-01,3.2763326473942858,2.81,4.69,,0.0
1971-10-01,0.9383570608779535,3.21,4.01,,0.0
1972-01-01,7.282172009494722,3.61,3.73,,0.0
1972-04-01,8.97568880375163,2.4,3.91,,0.0
1972-07-01,3.7586438294505204,4.42,4.66,,0.0
1972-10-01,6.642286891205646,2.81,5.07,,0.0
1973-01-01,9.77924471360187,6.03,6.09,,0.0
1973-04-01,4.331437172055237,7.24,7.19,,0.0
1973-07-01,-2.1089028974166277,8.04,8.29,,14.04
1973-10-01,3.7790158124735593,8.86,7.45,,6.16
1974-01-01,-3.4536881924506186,13.75,7.96,,134.57
1974-04-01,0.9496598328389722,10.08,7.9,,0.0
1974-07-01,-3.7990939494559477,10.9,8.06,,0.0
1974-10-01,-1.5566481051287935,9.27,7.15,,10.39
1975-01-01,-4.90043291965461,5.63,5.49,,0.0
1975-04-01,2.848637218206108,5.22,5.34,,0.0
1975-07-01,6.79021714338673,7.24,6.42,,0.0
1975-10-01,5.352401073600466,7.24,5.44,,0.0
1976-01-01,8.898160921061796,2.81,5.0,,5.41
1976-04-01,2.9227917050265657,4.42,5.41,,3.46
1976-07-01,2.183659019419349,6.84,5.08,,4.74
1976-10-01,2.880021203428858,6.43,4.35,,9.05
1977-01-01,4.717010209205814,7.65,4.6,,0.0
1977-04-01,7.693235161446569,6.84,5.02,,0.0
1977-07-01,7.14840309815759,5.63,5.81,,4.56
1977-10-01,0.00797103914844529,6.43,6.07,,2.18
1978-01-01,1.2773269305643087,6.84,6.29,,0.0
1978-04-01,15.167841769011467,8.86,6.73,,0.0
1978-07-01,4.002899038963754,6.43,7.85,,0.0
1978-10-01,5.3406887771431535,7.65,9.08,,0.0
1979-01-01,0.7177309477136611,8.46,9.48,,4.49
1979-04-01,0.4267534238161003,11.3,9.06,,13.96
1979-07-01,2.960237918395158,10.08,10.26,,44.67
1979-10-01,0.9989323068024044,9.27,12.04,,20.52
1980-01-01,1.2563096561723022,13.35,15.2,,16.22
1980-04-01,-8.327831932629456,7.65,7.07,,10.23
1980-07-01,-0.4757017522496496,10.08,10.27,,-4.22
1980-10-01,7.390987394368863,8.86,15.49,,-3.96
1981-01-01,7.761890672143718,10.9,13.36,,4.59
1981-04-01,-2.975341260137742,4.82,14.73,,-1.75
1981-07-01,4.7615550027683815,7.24,14.7,,-3.57
1981-10-01,-4.38230524809312,5.22,10.85,,-1.85
1982-01-01,-6.263360730763303,4.82,12.68,6.4,-11.42
1982-04-01,1.8205591765527978,5.22,12.47,5.69,11.25
1982-07-01,-1.5319973712227073,4.82,7.92,6.36,-0.68
1982-10-01,0.16000314632397067,4.41,7.94,4.79,-2.11
1983-01-01,5.236732349996289,3.21,8.35,4.51,-12.4
1983-04-01,9.000065817965927,4.82,8.79,4.46,2.98
1983-07-01,7.916951322731286,5.63,9.0,5.09,3.35
1983-10-01,8.258879309601548,1.6,9.0,5.17,-5.48
1984-01-01,7.743718840227689,5.62,9.52,5.05,1.24
1984-04-01,6.852022040238107,2.81,9.87,5.49,0.56
1984-07-01,3.837572472395079,3.21,10.37,5.34,-4.16
1984-10-01,3.269691687656895,2.4,8.06,5.07,-5.75
1985-01-01,3.8572589264587425,5.63,8.52,4.84,-1.39
1985-04-01,3.5064800299443157,2.4,6.95,4.73,2.98
1985-07-01,6.062904149531161,2.81,7.1,4.43,-0.24
1985-10-01,2.9627967314766144,3.21,7.1,4.23,5.04
1986-01-01,3.717660621445499,1.2,6.56,3.81,-41.76
1986-04-01,1.797142218030421,1.6,6.21,3.11,-18.13
1986-07-01,3.80848378140079,1.6,5.21,3.46,-0.43
1986-10-01,2.1398376668468657,2.0,5.53,3.44,10.95
1987-01-01,2.9564271974161294,4.82,5.59,3.38,18.54
1987-04-01,4.289627008298439,4.42,5.67,3.84,6.23
1987-07-01,3.4537585332303293,3.61,6.4,4.14,5.27
1987-10-01,6.809534933022962,2.81,5.77,4.15,-8.41
1988-01-01,2.0622051523011873,3.21,5.7,3.71,-10.48
1988-04-01,5.221895070210057,4.82,6.46,4.01,3.39
1988-07-01,2.337038081910288,5.22,7.24,4.35,-12.26
1988-10-01,5.29462774961373,3.21,8.07,4.36,-3.18
1989-01-01,4.0450575704847855,4.82,8.82,4.47,25.46
1989-04-01,3.0408111201386627,5.22,8.15,4.65,10.54
1989-07-01,2.952022606835527,1.6,7.75,4.16,-5.43
1989-10-01,0.7871492083843573,3.61,7.63,3.96,5.61
1990-01-01,4.3478129848368985,6.43,7.9,4.19,6.83
1990-04-01,1.449251534735587,3.21,7.73,4.19,-17.61
1990-07-01,0.26623809424720735,6.03,7.36,4.31,48.07
1990-10-01,-3.658296259228791,3.21,6.74,4.95,20.2
1991-01-01,-1.876155659402898,2.0,5.91,3.88,-31.62
1991-04-01,3.1066607576248884,3.21,5.57,3.66,-4.72
1991-07-01,2.016344141362405,2.81,5.22,3.74,4.35
1991-10-01,1.3917553392430437,2.81,4.07,3.55,0.38
1992-01-01,4.760567368570611,2.4,4.04,3.4,-13.0
1992-04-01,4.313867437084509,2.4,3.66,3.44,12.03
1992-07-01,3.9330411994977816,2.4,2.91,3.13,2.29
1992-10-01,4.14982148932619,3.21,3.22,3.02,-5.5
1993-01-01,0.6672181048240068,2.4,2.95,2.98,-3.19
1993-04-01,2.321931509369786,2.4,3.07,2.85,-0.33
1993-07-01,1.9040801899048985,2.0,2.95,2.78,-9.94
1993-10-01,5.403929208030334,2.0,3.06,2.75,-7.56
1994-01-01,3.862740813034992,2.0,3.5,2.98,200.91
1994-04-01,5.38432863013466,1.6,4.14,3.3,48.85
1994-07-01,2.331529959762816,2.4,4.62,3.27,4.73
1994-10-01,4.556232746715193,2.0,5.6,3.66,0.6
1995-01-01,1.416610584324906,2.4,5.73,3.58,3.28
1995-04-01,1.1915149860362613,2.4,5.47,3.33,3.12
1995-07-01,3.388508904282058,1.6,5.28,3.24,1.55
1995-10-01,2.7071466987724113,2.0,5.14,2.96,5.84
1996-01-01,2.9850346923996005,2.81,4.96,2.85,11.67
1996-04-01,6.6167467235631925,2.0,5.09,3.2,10.52
1996-07-01,3.572137173085183,2.4,5.09,3.13,4.53
1996-10-01,4.1320620197476705,2.4,4.91,3.08,7.06
1997-01-01,2.573476535230363,1.6,5.14,3.17,3.84
1997-04-01,6.606020401069829,0.8,4.93,3.19,2.89
1997-07-01,4.963354527751096,1.6,4.95,3.02,1.86
1997-10-01,3.4009420197486846,0.4,5.16,2.95,-2.18
1998-01-01,3.994995954540078,-0.4,5.03,2.75,-8.5
1998-04-01,3.685718592768906,0.4,4.98,2.61,-7.05
1998-07-01,5.004326030774413,0.8,4.61,2.66,-8.8
1998-10-01,6.385544996210064,1.2,4.39,2.33,-6.82
1999-01-01,3.7401940509788734,0.4,4.44,2.51,-3.12
1999-04-01,3.3251127398278153,2.4,4.57,2.6,9.73
1999-07-01,5.268681314312327,3.61,4.68,2.77,10.33
1999-10-01,6.509414268426671,2.0,5.2,3.01,4.62
2000-01-01,1.4485476032206335,4.01,5.69,3.16,11.23
2000-04-01,7.219604137991746,1.2,5.69,3.41,7.87
2000-07-01,0.4075226814873044,2.8,6.0,3.13,6.97
2000-10-01,2.3810543139555818,1.6,5.77,3.12,5.02
2001-01-01,-1.3133489796569924,2.8,4.42,2.48,-1.04
2001-04-01,2.490243965908525,2.81,3.49,2.68,-3.23
2001-07-01,-1.6057756167269368,-1.2,2.64,2.8,-7.06
2001-10-01,1.0975945209429128,0.8,1.69,2.37,-10.19
2002-01-01,3.331522227558539,2.4,1.79,2.15,3.28
2002-04-01,2.4433486773880366,2.4,1.7,2.52,8.71
2002-07-01,1.6227496189512927,2.4,1.63,2.17,6.13
2002-10-01,0.49411489758948096,1.6,1.19,2.0,5.77
2003-01-01,2.101040306340338,4.01,1.13,2.03,14.34
2003-04-01,3.5268921811471636,-0.8,0.92,2.04,-2.77
2003-07-01,6.59808103437705,3.61,0.94,1.82,5.39
2003-10-01,4.616146818961049,1.2,0.9,1.98,10.58
2004-01-01,2.2602080955606776,3.21,0.94,1.87,8.59
2004-04-01,3.0878599675768124,3.21,1.27,2.21,4.01
2004-07-01,3.776491954068427,1.6,1.65,2.42,4.08
2004-10-01,4.060156528453472,3.61,2.19,2.04,4.97
2005-01-01,4.4130202116941915,2.81,2.74,2.2,4.57
2005-04-01,1.9656601234498785,2.0,2.97,2.47,-1.3
2005-07-01,3.1230326804525497,7.24,3.42,2.38,10.54
2005-10-01,2.2159169488306745,-0.0,3.89,3.04,-0.3
2006-01-01,5.345655379085184,3.21,4.51,2.23,5.65
2006-04-01,1.0336742995592996,4.01,4.79,2.77,4.68
2006-07-01,0.599374416032005,1.2,4.81,2.77,-4.26
2006-10-01,3.423110226166918,0.8,4.85,2.09,-3.84
2007-01-01,1.2015362468522506,4.01,4.94,2.71,0.82
2007-04-01,2.439593165871891,2.81,4.61,2.95,2.26
2007-07-01,2.297492443722903,2.81,3.89,2.61,4.05
2007-10-01,2.505086204878263,4.01,3.0,2.49,9.66
2008-01-01,-1.7107102360127044,3.21,1.26,2.23,12.16
2008-04-01,2.37465037252643,5.22,1.86,2.34,11.15
2008-07-01,-2.10656952111413,2.0,1.13,2.91,-10.48
2008-10-01,-8.853365095794153,-9.92,0.03,0.89,-35.45
2009-01-01,-4.565452543960741,0.4,0.21,0.12,-12.15
2009-04-01,-0.7152428870508096,3.21,0.18,1.27,11.26
2009-07-01,1.4023086188557472,2.0,0.12,1.98,6.27
2009-10-01,4.300454151697932,2.81,0.05,1.74,7.9
2010-01-01,1.9333240882710743,1.2,0.15,1.8,-2.08
2010-04-01,3.851739929043594,0.4,0.12,1.5,-2.75
2010-07-01,3.0725090820010665,1.2,0.15,1.07,4.39
2010-10-01,2.0949454577807956,2.81,0.14,1.42,13.31
2011-01-01,-0.9499466944201231,4.01,0.1,1.95,12.72
2011-04-01,2.6972149874665394,2.8,0.04,2.16,0.51
2011-07-01,-0.08926090231363562,2.0,0.01,1.65,-7.16
2011-10-01,4.467158724585995,1.2,0.01,1.56,-4.46
2012-01-01,3.3403767275155727,2.81,0.08,1.44,0.46
2012-04-01,1.7813665065292486,-0.4,0.09,1.36,-8.47
2012-07-01,0.575697505945138,2.4,0.11,1.53,6.43
2012-10-01,0.46229496630008915,0.8,0.07,1.79,-3.09
2013-01-01,3.9269037062063,2.0,0.09,1.23,0.41
2013-04-01,1.0691153060548297,0.8,0.05,1.33,-5.33
2013-07-01,3.3911586209990983,0.8,0.02,1.67,1.79
2013-10-01,3.4718560953045587,1.6,0.07,1.64,-3.21
2014-01-01,-1.3827712598634005,1.6,0.05,1.48,6.92
2014-04-01,5.134276091659679,2.0,0.04,1.65,3.7
2014-07-01,4.832259330312024,0.4,0.02,1.93,-6.22
2014-10-01,2.017834406173431,-1.2,0.03,1.7,-12.64
2015-01-01,3.585819150769915,-0.41,0.03,0.7,-13.42
2015-04-01,2.4699786330145574,2.0,0.02,1.69,3.83
2015-07-01,1.59778484627612,-0.0,0.02,1.82,-11.97
2015-10-01,0.737236690842017,-0.0,0.23,1.36,-7.36
2016-01-01,2.3113866073886387,0.4,0.29,1.12,-9.65
2016-04-01,1.2824382650696664,2.81,0.27,1.54,12.64
2016-07-01,2.827543676441542,1.2,0.29,1.77,-2.73
2016-10-01,2.211074114484348,1.6,0.51,1.98,3.85
2017-01-01,1.942834932414497,1.6,0.74,1.85,0.21
2017-04-01,2.233244405190973,1.2,0.98,1.41,-5.48
2017-07-01,3.1417261027391388,2.4,1.03,1.81,2.19
2017-10-01,4.482971107757605,1.2,1.32,2.28,4.69
2018-01-01,3.2404778196677095,2.81,1.7,1.91,3.19
2018-04-01,2.1176849215075237,2.0,1.9,1.8,3.62
2018-07-01,2.487041930090145,1.6,2.13,2.22,-3.24
2018-10-01,0.5661759932739241,1.2,2.37,2.12,-6.36
2019-01-01,2.4895091629067716,1.2,2.4,1.66,1.28
2019-04-01,3.3267111731583214,1.6,2.17,1.94,-0.41
2019-07-01,4.6528410323636225,0.8,1.89,1.7,-2.77
2019-10-01,2.718254387221374,2.4,1.54,1.71,3.62
2020-01-01,-5.300247883185935,-0.0,0.29,1.48,-15.98
2020-04-01,-32.81728241610834,-0.01,0.16,0.08,-14.11
2020-07-01,29.902998544979116,3.21,0.11,1.61,15.01
2020-10-01,4.508555862817171,2.4,0.09,1.49,6.13
2021-01-01,5.544658613895645,4.82,0.03,1.55,16.32
2021-04-01,6.7502854167053385,6.03,0.04,1.89,12.61
2021-07-01,3.2866716567676137,4.82,0.04,2.41,7.5
2021-10-01,6.804809235885943,8.05,0.06,2.32,3.63
2022-01-01,-1.0204951651818233,8.05,0.44,2.64,18.94
2022-04-01,0.625698380341202,7.64,1.49,3.75,12.0
2022-07-01,0.625698380341202,2.8,3.13,3.62,-6.63
2022-10-01,0.625698380341202,3.61,4.25,3.0,-1.34
2023-01-01,0.625698380341202,3.61,4.69,2.46,-0.8
2023-04-01,0.625698380341202,3.21,5.16,2.22,-2.68
2023-07-01,0.625698380341202,3.21,5.32,2.63,9.72
2023-10-01,0.625698380341202,0.8,5.24,2.88,-2.23
2024-01-01,0.625698380341202,4.82,5.24,2.31,3.73
2024-04-01,0.625698380341202,1.6,5.24,2.79,5.49
2024-07-01,0.625698380341202,2.0,4.72,2.38,-2.38
2024-10-01,0.625698380341202,2.81,4.27,2.45,4.01
2025-01-01,0.625698380341202,3.21,4.2,2.51,7.23
2025-04-01,0.625698380341202,2.81,4.23,2.65,-3.3
2025-07-01,0.625698380341202,3.21,3.92,2.76,4.1
2025-10-01,0.625698380341202,,3.78,2.88,1.0
